{
  "music.fontaine": {
    "sounds": [
      {
        "name": "music/fontaine",
        "stream": true
      }
    ]
  },
  "music.nodkrai": {
    "sounds": [
      {
        "name": "music/nodkrai",
        "stream": true
      }
    ]
  },
  "music.mondstadt": {
    "sounds": [
      {
        "name": "music/mondstadt",
        "stream": true
      }
    ]
  },
  "music.ormos": {
    "sounds": [
      {
        "name": "music/ormos",
        "stream": true
      }
    ]
  },
   "music.dottore": {
    "sounds": [
      {
        "name": "music/dottore",
        "stream": true
      }
    ]
  },
  "music.capitano1": {
    "sounds": [
      {
        "name": "music/capitano_intro",
        "stream": true
      }
    ]
  },
  "music.scaramouche": {
    "sounds": [
      {
        "name": "music/scaramouche",
        "stream": true
      }
    ]
  }   
}
