{
  "music.nodkrai": {
    "sounds": [
      {
        "name": "music/nodkrai",
        "stream": true
      }
    ]
  },
  "music.ormos": {
    "sounds": [
      {
        "name": "music/ormos",
        "stream": true
      }
    ]
  },
  "music.mondstadt": {
    "sounds": [
      {
        "name": "music/mondstadt",
        "stream": true
      }
    ]
  },
  "music.fontaine": {
    "sounds": [
      {
        "name": "music/fontaine",
        "stream": true
      }
    ]
  }
}